artist,duration,genre,label,tags,title,album,date,likes,stream
"Skrillex, Fred again.. & Flowdan",146599,Electronic,,,Rumble,,2023-01-04T18:17:05Z,88236,3495328
"Skrillex, Missy Elliott & Mr. Oizo",126824,Dance & EDM,,,RATATA,,2023-02-17T04:39:25Z,34599,1403521
Skrillex & Damian 'Jr Gong' Marley,213806,Dubstep,,,Make It Bun Dem,,2012-05-08T15:25:16Z,510725,35445100
Skrillex,215216,,,,Bangarang feat Sirah,,2012-05-08T16:49:46Z,540033,41534304
The Game & Skrillex,220153,The Game,,,“El Chapo”,,2015-10-09T17:07:56Z,802906,57317282
"Skrillex, Starrah & Four Tet",195971,Electronic,,Dance Electronic Skrillex,Butterflies,,2021-05-10T13:08:44Z,28140,1287566
Skrillex,281367,dubstep,,"skrillex avicii ""avicii remix"" ""skrillex remix"" ""levels Remix""",Avicii 'Levels' Skrillex Remix,,2011-12-21T05:31:29Z,431476,26017290
Benny Bennassi,308100,Electronic,,"skrillex ""benny benassi"" cinema",Cinema (Skrillex Remix),,2011-10-03T19:00:13Z,205111,11008840
Skrillex,243552,Dubstep Electronic,Big Beat,,SCARY MONSTERS AND NICE SPRITES,,2011-08-24T15:10:30Z,182122,10353435
GTA,223523,skrillex,OWSLA/Atlantic,"""red lips"" gta ""sam bruno"" ""skrillex remix""",Red Lips (feat. Sam Bruno) [Skrillex Remix],,2015-11-30T12:01:30Z,409400,22473915
Skrillex,236565,Electronic,,,Reptile's Theme,,2023-03-16T17:18:00Z,8450,225593
Skrillex,200873,Skrillex,,,Kyoto feat Sirah,,2012-05-08T16:49:46Z,205673,15937096
Skrillex & The Doors,302081,Skrillex,,,Breakn a Sweat,,2012-05-08T16:49:46Z,104246,8315793
Skrillex,182011,Skrillex,,,Right In,,2012-05-08T16:49:46Z,75080,6177333
Skrillex & Wolfgang Gartner,292860,Skrillex,,,The Devils Den,,2012-05-08T16:49:46Z,68957,5115952
"Skrillex, 12th Planet & Kill The Noise",245129,Skrillex,,,Right On Time,,2012-05-08T16:49:46Z,36485,2880709
Skrillex,261613,Dubstep,,,First Of The Year (Equinox),,2011-08-24T15:20:41Z,325676,21020121
Skrillex,226371,Dubstep,,,Ruffneck (FULL Flex),,2011-08-24T15:20:41Z,53815,3267109
Skrillex,284211,Dubstep Electronic,Big Beat,,ROCK N' ROLL (WILL TAKE YOU TO THE MOUNTAIN),,2011-08-24T15:10:30Z,113881,7674861
Skrillex,298085,Dubstep Electronic,Big Beat,,KILL EVERYBODY,,2011-08-24T15:10:30Z,85890,5244275
Skrillex,234967,Dubstep Electronic,Big Beat,,SCATTA (FEAT FOREIGN BEGGARS AND BARE NOIZE),,2011-08-24T15:10:30Z,25289,1644484
Skrillex,249205,SKRILLEX,OWSLA/Big Beat/Atlantic,RECESS RAGGA TWINS ALL IS FAIR IN LOVE AND BROSTEP SKRILLEX DANCE ELECTRONIC,All Is Fair In Love And Brostep with Ragga Twins,,2014-03-17T18:00:55Z,97668,6852558
Skrillex,237761,SKRILLEX,OWSLA/Big Beat/Atlantic,RECESS SKRILLEX KILL THE NOISE FATMAN SCOOP MICHAEL ANGELAKOS PASSION PIT DANCE ELECTRONIC,"Recess with Kill The Noise, Fatman Scoop, and Michael Angelakos",,2014-03-17T18:00:52Z,112600,7539438
Skrillex,290063,SKRILLEX,OWSLA/Big Beat/Atlantic,RECESS SKRILLEX KILLAGRAMA MILO AND OTIS SAM DEW STRANGER DANCE ELECTRONIC,Stranger with Killagraham from Milo & Otis and Sam Dew,,2014-03-17T18:00:49Z,42350,3196922
Skrillex,229298,SKRILLEX,OWSLA/Big Beat/Atlantic,RECESS TRY IT OUT NEON MIX ALVIN RISK SKRILLEX DANCE ELECTRONIC,Try It Out (Neon Mix) with Alvin Risk,,2014-03-17T18:00:43Z,80039,5616720
Skrillex,243640,SKRILLEX,OWSLA/Big Beat/Atlantic,RECESS COAST IS CLEAR CHANCE THE RAPPER SOCIAL EXPERIMENT SKRILLEX DANCE ELECTRONIC,Coast Is Clear with Chance the Rapper and The Social Experiment,,2014-03-17T18:00:41Z,67867,5489007
Skrillex,206751,SKRILLEX,OWSLA/Big Beat/Atlantic,RECESS SKRILLEX DIRTY VIBE DIPLO G-DRAGON CL 2NE1 BIG BANG DANCE ELECTRONIC,"Dirty Vibe with Diplo, G-Dragon, and CL",,2014-03-17T18:00:38Z,114939,7282197
Skrillex,258922,SKRILLEX,OWSLA/Big Beat/Atlantic,RECESS SKRILLEX RAGGA BOMB TWINS DANCE ELECTRONIC,Ragga Bomb with Ragga Twins,,2014-03-17T18:00:37Z,72961,4749585
Skrillex,230108,SKRILLEX,OWSLA/Big Beat/Atlantic,RECESS SKRILLEX FUCK THAT DANCE ELECTRONIC,Fuck That,,2014-03-17T18:00:29Z,56638,3324130
Skrillex,302603,SKRILLEX,OWSLA/Big Beat/Atlantic,RECESS SKRILLEX EASE MY MIND NIKI AND THE DOVE DANCE ELECTRONIC,Ease My Mind with Niki and the Dove,,2014-03-17T18:00:28Z,66347,4032652
Skrillex & Boys Noize,193724,Electronic,,,Fine Day Anthem,,2023-07-07T14:32:59Z,37404,1191662
Skrillex with Bobby Raps,188186,Electronic,,,Leave Me Like This,,2023-01-18T17:06:05Z,33244,1327401
"Skrillex, Joker & Sleepnet",185600,Dance & EDM,,"""skrillex #joker #sleepnet""",Tears,,2023-02-17T04:36:40Z,20431,799999
"Skrillex, Aluna & Kito",205270,Dance & EDM,,,Inhale Exhale,,2023-02-17T04:33:00Z,16935,633645
Skrillex & Eli Keszler,215223,Dance & EDM,,,A Street I Know,,2023-02-17T04:32:37Z,8003,374875
"Skrillex, Swae Lee, Siiickbrain & Posij",208718,Dance & EDM,,,TOO BIZARRE (juked),,2023-02-17T04:31:44Z,10628,442565
"Skrillex, Flowdan, BEAM & PEEKABOO",216033,Dance & EDM,,,Hydrate,,2023-02-17T04:30:46Z,20099,708539
"Skrillex, Noisia, Josh Pan & Dylan Brady",165407,Dance & EDM,,"""skrillex #noisia #joshpan #dylanbra""",Supersonic (my Existence),,2023-02-17T04:29:27Z,12541,482743
"Skrillex, Porter Robinson & Bibi Bourelly",303256,Dance & EDM,,,Still Here (with The Ones That I Came With),,2023-02-17T04:28:11Z,10518,380330
Skrillex & BEAM,190563,Electronic,,,Selecta,,2023-02-17T19:36:18Z,10556,437331
Eminem,297822,Hip Hop,Aftermath,,Till I Collapse (feat. Nate Dogg),,2016-03-30T15:24:43Z,13112,957364
Eminem,320340,Hip Hop,Shady Records,Pop,Lose Yourself,,2016-03-30T15:23:41Z,239550,15070189
Eminem,263419,Hip Hop,Aftermath,,Love The Way You Lie (feat. Rihanna),,2016-03-30T15:23:54Z,31283,1965851
Eminem,293094,Hip Hop,Aftermath,Pop,Without Me,,2016-03-30T15:24:40Z,523062,35736917
Eminem,295967,Hip Hop,Aftermath,Pop,Like Toy Soldiers,,2016-03-30T15:23:29Z,154804,10482768
Eminem,250802,Hip Hop,Aftermath,Pop,Mockingbird,,2016-03-30T15:23:31Z,12600,786723
Eminem,434129,Rap,Aftermath,,Bad Guy,,2016-06-28T13:09:13Z,3648,306303
Eminem,289019,Rap,Aftermath,,Asshole (feat. Skylar Grey),,2016-06-28T13:12:04Z,2320,188955
Eminem,250227,Rap,Aftermath,,The Monster (feat. Rihanna),,2016-03-30T15:23:25Z,206584,12689289
Eminem,404140,Hip Hop,Interscope,Pop,Stan (feat. Dido),,2016-03-30T15:23:41Z,33415,2106559
Eminem,281365,Hip Hop,Aftermath,,When I'm Gone,,2016-03-30T15:24:36Z,348906,24618618
Eminem,248163,Hip Hop,Aftermath,,Not Afraid,,2016-03-30T15:24:11Z,414305,28807095
Eminem,299546,Hip Hop,Aftermath,,No Love (feat. Lil Wayne),,2016-06-28T13:03:04Z,14816,998300
Eminem,278674,Hip Hop,Aftermath,,Space Bound,,2016-06-28T13:01:53Z,11759,849894
Eminem,264438,Hip Hop,Interscope,,Kill You,,2016-03-30T15:23:39Z,10531,713125
Eminem,392856,Hip Hop,Aftermath,,Beautiful,,2016-03-30T15:23:43Z,20581,1389272
Dr. Dre,283820,Hip Hop,Aftermath,,I Need A Doctor (feat. Eminem & Skylar Grey),,2016-03-18T15:40:08Z,8795,1301017
Eminem,339592,Hip Hop,Aftermath,Pop,Sing For The Moment,,2016-03-30T15:24:44Z,12892,913185
Eminem,296307,Rap,Aftermath,,Legacy,,2016-06-28T13:07:12Z,4090,290131
Eminem,269712,Hip Hop,Aftermath,,We Made You,,2016-03-30T15:23:37Z,4568,327560
Eminem,257933,Hip Hop,Shady Records,,You Don't Know,,2016-06-04T03:58:40Z,3938,291586
Lil Wayne,229323,Hip Hop,CM/Republic,,Drop The World (feat. Eminem),,2016-03-19T01:35:24Z,132835,8444656
"Drake, Kanye West, Lil Wayne, Eminem",357381,Hip Hop,Interscope,,Forever (Album Version (Explicit)),,2016-06-04T04:01:58Z,9755,713210
Notorious B.I.G.,297456,Rap/Hip Hop,Bad Boy Records,,Dead Wrong (feat. Eminem) [2005 Remaster],,2016-04-03T12:53:16Z,8888,471992
50 Cent,288914,Hip Hop,Shady Records,,Patiently Waiting (feat. Eminem),,2016-03-29T20:20:00Z,8141,616956
Eminem,297874,Hip Hop,Aftermath,Pop,Cleanin' Out My Closet,,2016-03-30T15:24:45Z,12970,844626
Eminem,290456,Hip Hop,Interscope,Pop,The Way I Am,,2016-03-30T15:23:39Z,15396,1090830
Eminem,364016,Rap,Aftermath,,Rap God,,2016-06-28T13:15:31Z,15042,988246
Eminem,286250,R & B,The Source,,The Real Slim Shady,,2016-03-30T15:23:35Z,16866,1115263
Eminem,268434,Hip Hop,Aftermath,Pop,My Name Is,,2016-03-30T15:23:35Z,22923,1469113
Dr. Dre,222328,Hip Hop,Aftermath,,Forgot About Dre (feat. Eminem),,2016-03-18T15:40:48Z,169636,12135579
Eminem,272457,Rap,Aftermath,,Survival,,2016-06-28T13:07:33Z,5433,387892
Eminem,350354,Hip Hop,Aftermath,,Superman (feat. Dina Rae),,2016-03-30T15:24:49Z,347185,21717270
Eminem,241633,Hip Hop,Aftermath,,25 To Life,,2016-03-30T15:24:11Z,6921,468206
Eminem,279040,Hip Hop,Aftermath,,Cinderella Man,,2016-03-30T15:24:13Z,8946,740078
Eminem,249704,Hip Hop,Aftermath,Pop,Just Lose It,,2016-03-30T15:23:26Z,3998,289173
Eminem,238785,Rap,Aftermath,,Berzerk,,2016-03-30T15:23:43Z,4088,264708
Eminem,251742,Hip-hop/Rap,WEB Entertainment,Other,Infinite,,2017-01-06T10:56:04Z,5599,302426
Eminem,221048,Rap,Aftermath,,River (feat. Ed Sheeran),,2017-12-15T04:41:43Z,23345,1615374
Eminem,282593,Rap,3H,,Phenomenal,,2016-03-30T15:23:34Z,5662,455335
Eminem,303673,Rap,Aftermath,,Walk On Water (feat. Beyoncé),,2017-11-10T18:27:45Z,10572,676249
Logic,245469,Hip Hop,Def Jam Recordings,,Homicide (feat. Eminem),,2019-04-26T02:51:18Z,265300,21619664
Eminem,321306,Hip Hop,Interscope,,Marshall Mathers,,2016-03-30T15:23:39Z,4432,312029
Eminem,210834,Rap,Shady/Aftermath/Interscope Records,,Godzilla (feat. Juice WRLD),,2020-01-17T18:39:16Z,604564,45881870
Eminem,244715,Rap,Aftermath,,Lucky You (feat. Joyner Lucas),,2018-08-31T04:24:36Z,36789,3153372
D12,261120,Hip Hop,Shady Records,,Fight Music,,2016-03-29T16:50:28Z,4640,354628
D12,304536,Hip Hop,Shady Records,Pop,Purple Pills,,2016-03-29T16:50:34Z,26466,1543941
D12,224333,Hip Hop,Polydor Associated Labels,Pop,American Psycho II (feat. B-Real),,2016-03-29T16:50:31Z,2732,188025
Eminem,324598,Hip Hop,Aftermath,,White America,,2016-03-30T15:24:43Z,4452,321323
Eminem,205427,Hip Hop,Aftermath,,Role Model,,2016-03-30T15:23:26Z,8549,619746
Eminem,214170,Hip Hop,Aftermath,,Rock Bottom,,2016-03-30T15:23:31Z,46347,2859746
Eminem,174916,Rap,Shady/Aftermath/Interscope Records,,Black Magic (feat. Skylar Grey),,2020-12-18T17:21:44Z,3333,205401
Eminem,339383,Rap,Shady/Aftermath/Interscope Records,,Alfred’s Theme,,2020-12-18T07:14:56Z,2814,195953
Eminem,290168,Rap,Shady/Aftermath/Interscope Records,,Tone Deaf,,2020-12-18T07:14:25Z,3522,233167
Billie Eilish,174367,Alternative,,,Therefore I Am,,2020-11-12T20:19:31Z,159329,8190676
Billie Eilish,133968,Folk & Singer-Songwriter,,"drake scorpion ""hotline bling""",hotline bling,,2018-06-28T23:32:53Z,328996,15054170
i love you,290665,Drum & Bass,,,billie eilish (9D AUDIO) by Bass dropper,,2019-04-22T16:47:11Z,122301,8252320
Billie Eilish,179086,Alternative,Darkroom,,&burn,,2017-12-12T15:30:16Z,122800,7599991
Billie Eilish,200639,Alternative,Darkroom,,ocean eyes,,2016-11-10T20:34:42Z,76030,5796414
Billie Eilish,204845,Alternative,Darkroom,,party favor,,2017-08-01T22:25:54Z,118015,8647710
Billie Eilish,177596,Alternative,Darkroom,,watch,,2017-06-22T02:31:38Z,180511,13858820
Billie Eilish,194787,Alternative,Darkroom,,COPYCAT,,2017-07-06T05:54:39Z,328866,23865422
Billie Eilish,168922,Alternative,Darkroom/Interscope Records,,all the good girls go to hell,,2019-03-28T06:53:26Z,209555,12818261
Billie Eilish,242312,Alternative,Darkroom/Interscope Records,,No Time To Die,,2020-02-14T00:56:20Z,140647,7777943
Billie Eilish,180976,Alternative,UMGRI Interscope,,Bored,,2017-03-24T17:28:47Z,225011,16159635
Billie Eilish,179241,Alternative,Darkroom,,bellyache,,2017-02-16T11:03:21Z,397916,27985161
Billie Eilish,189691,Indie,,"Pop Dark Billie Eilish ""Ocean Eyes"" ""sHES brOKen"" ""Lana Del Rey"" ""Marina And The Diamonds"" ""The Weeknd"" Halsey Lapsley Aurora Drake ""Tyler the Creator"" Alt Singer Lorde Gloompop",Six Feet Under,,2016-06-23T17:03:04Z,711346,37577790
Billie Eilish,245473,Alternative,Darkroom/Interscope Records,,everything i wanted,,2019-11-14T02:07:25Z,426381,27421076
Billie Eilish,200272,Alternative,Darkroom,,lovely,,2018-04-17T17:35:33Z,1003201,73135028
Billie Eilish,194160,Alternative,Darkroom/Interscope Records,,bad guy,,2019-03-28T06:54:20Z,774788,48811338
Billie Eilish,229507,Alternative,Darkroom,,hostage,,2017-08-01T22:25:59Z,258246,20182842
Billie Eilish,170935,Alternative,Darkroom,,my boy,,2017-07-19T20:43:39Z,295323,21393115
Billie Eilish,181410,Indie Trap,,"""Billie Eilish"" ""Bad Guy"" ""Bad Guy Remix"" PatrickReza ""Billie Eilish Bad "" ""Billie Eilish Bad Guy PatrickReza Remix"" ""Indie Trap"" ""Indie Electronic"" ""Emo Trap"" Emo ""Billie Eilish Remix"" ""Best Billie Eilish Remixes"" ""Bad Guy Trap Remix"" ""Minimal Trap"" ""Billie Eilish bad guy music video"" ""Billie Eilish Free Download"" ""Billie Eilish bad guy free download"" ""billie eilish bad guy mp3 download"" ""billie eilish bad guy remix mp3 download"" ""when we fall asleep where do we go"" ""Electronic Indie"" ""Alternative Trap"" ""New Trap Remix"" ""Best New Trap Remix"" ""Alt Pop"" ""Indie Pop"" ""Trap Remix 2019"" ""PatrickReza Remix""",bad guy (PatrickReza Remix),,2019-04-04T16:00:07Z,319456,14377558
Billie Eilish,180652,Alternative,Darkroom,,you should see me in a crown,,2018-07-11T23:32:04Z,386185,24465656
Billie Eilish,193219,Alternative,Darkroom,,bury a friend,,2019-01-24T02:13:33Z,449232,30534211
Billie Eilish,229167,Billie,,"Eilish Fingers Crossed Every Body Makes It Til They Don't She's Broken He's Ok Am I Too Blob Or Are ""They Too"" Slay Alt AltRnB PBRnB Halsey The Weeknd",Fingers Crossed,,2015-09-14T08:53:52Z,191932,8851757
Billie Eilish,222975,R&B,,Soul,Wish You Were Gay (8D Audio),,2019-05-02T15:01:29Z,23348,1143128
8,173077,,,,billie eilish,,2019-04-15T19:46:17Z,9191,615380
Billie Eilish,176132,R&B & Soul,,Downtempo ambient R&B pop,bitches broken hearts,,2017-11-15T03:06:58Z,577863,34872801
Billie Eilish,194917,Alternative,Darkroom/Interscope Records,,bad guy (with Justin Bieber),,2019-07-11T22:11:06Z,53223,3324744
Billie Eilish,210416,Alternative,Darkroom,,come out and play,,2018-11-20T18:11:01Z,91005,5561967
Billie Eilish,298945,Alternative,Darkroom/Interscope Records,,Happier Than Ever,,2021-07-29T17:57:15Z,238210,14954893
Billie Eilish,195814,Alternative,Darkroom/Interscope Records,,NDA,,2021-07-08T16:19:35Z,73947,4446802
Billie Eilish,212532,Alternative,Darkroom/Interscope Records,,Lost Cause,,2021-06-02T18:17:51Z,55859,2783080
Billie Eilish,203642,Alternative,Darkroom,,idontwannabeyouanymore,,2017-07-13T02:40:09Z,514029,37813155
КИНО,289253,,,,Группа крови,,2013-01-02T18:41:18Z,4579,386979
КИНО,225770,,,,Звезда по имени Солнце,,2013-01-02T18:41:18Z,13755,958644
КИНО,300670,,,,Перемен,,2013-01-02T18:41:18Z,3456,298394
КИНО,201579,,,,Видели ночь,,2013-01-02T18:41:18Z,2831,209267
КИНО,350465,,,,Красно-желтые дни,,2013-01-02T18:41:18Z,2043,142490
КИНО,188700,,,,Последний герой,,2013-01-02T18:41:18Z,6004,429756
КИНО,178877,,,,Алюминиевые огурцы,,2013-01-02T18:41:18Z,3120,212403
КИНО,268119,,,,Пачка сигарет,,2013-01-02T18:41:18Z,3723,348897
КИНО,278202,,,,Попробуй спеть вместе со мной,,2013-01-02T18:41:19Z,1536,131532
КИНО,168505,,,,Восьмикласница,,2013-01-02T18:41:19Z,1774,127383
КИНО,298816,,,,Следи за собой,,2013-01-02T18:41:19Z,2972,196390
КИНО,307620,,,,Песня без слов,,2013-01-02T18:41:20Z,2391,198759
КИНО,400076,,,,Кукушка,,2013-01-02T18:41:20Z,836,75702
КИНО,258452,,,,"Закрой за мной дверь, я ухожу",,2013-01-02T18:41:20Z,849,71873
КИНО,290011,,,,Нам с тобой,,2013-01-02T18:41:20Z,1775,146499
КИНО,250015,,,,"Мама, мы все сошли с ума",,2013-01-02T18:41:20Z,3990,249976
КИНО,332125,,,,Печаль,,2013-01-02T18:41:20Z,706,58135
КИНО,269581,,,,Мои друзья,,2013-01-02T18:41:20Z,1260,104679
КИНО,370137,,,,Спокойная ночь,,2013-01-02T18:41:20Z,7773,528969
КИНО,278125,,,,Апрель,,2013-01-02T18:41:20Z,635,54232
КИНО,216836,,,,В наших глазах,,2013-01-02T18:41:20Z,2080,150955
КИНО,246827,,,,Война,,2013-01-02T18:41:20Z,450,44387
КИНО,261457,,,,Невеселая песня,,2013-01-02T18:41:21Z,1273,104717
КИНО,261430,,,,Когда твоя девушка больна,,2013-01-02T18:41:21Z,3813,245116
КИНО,223446,,,,Место для шага вперед,,2013-01-02T18:41:21Z,5932,478334
КИНО,175898,,,,Камчатка,,2013-01-02T18:41:21Z,637,54647
КИНО,316110,,,,Муравейник,,2013-01-02T18:41:21Z,1067,82775
КИНО,169810,,,,Мама Анархия,,2013-01-02T18:41:21Z,3908,275232
КИНО,147605,,,,Троллейбус,,2013-01-02T18:41:21Z,989,85340
КИНО,248681,,,,Легенда,,2013-01-02T18:41:21Z,481,39230
КИНО,319089,,,,Сосны на морском берегу,,2013-01-02T18:41:21Z,854,72636
Егор Крид,128131,,,,PUSSY BOY,,2021-07-15T21:12:20Z,52625,4635662
Егор Крид,129228,,,,Здравствуйте (при уч. OG Buda),,2021-06-24T21:12:28Z,14643,1007665
Егор Крид,127765,,,,CHOPPA,,2021-07-15T21:09:46Z,1912,177529
Егор Крид,120346,,,,НА МНЕ HOE,,2021-07-15T21:17:19Z,2583,244750
Егор Крид,119432,,,,PUFF (при уч. MAYOT),,2021-07-15T21:16:01Z,8652,644907
Егор Крид,124003,,,,ДЕД РОЕТ,,2021-07-15T21:21:24Z,2665,231466
Егор Крид,197878,,,,DOROGO (при уч. blago white),,2021-07-15T21:12:31Z,1769,161857
Егор Крид,118047,,,,Телефон,,2021-07-01T21:37:56Z,9338,734404
Егор Крид,167523,,,,Автомат (при уч. Guf),,2021-07-08T21:36:33Z,6499,543943
Егор Крид,144927,,,,ГРУСТНО (при уч. SODA LUV),,2021-07-15T21:16:18Z,9192,639302
Егор Крид,160758,,,,Интро,,2021-07-09T21:55:18Z,845,61203
Егор Крид,176248,,,,Что они знают?,,2021-07-09T21:55:05Z,1528,112744
Егор Крид,198113,,,,Не могу,,2021-07-09T21:54:45Z,16660,1033793
Егор Крид,192261,,,,Алло,,2021-07-09T21:54:31Z,641,48783
Егор Крид,184581,,,,Потрачу,,2021-07-09T21:54:20Z,38684,2449112
Егор Крид,222093,,,,Засыпай (при уч. Мот),,2021-07-09T21:53:57Z,801,56534
Егор Крид,213603,,,,Стой,,2021-07-09T21:53:17Z,925,63705
Егор Крид,211931,,,,Не обманывай,,2021-07-09T21:52:50Z,241,23874
Егор Крид,185809,,,,Самба белого мотылька,,2021-07-09T21:47:21Z,1864,116870
Егор Крид,212428,,,,Что скажет мама?,,2021-07-09T21:51:59Z,1217,80236
Егор Крид,159425,,,,Зажигалки,,2021-07-09T21:51:30Z,7971,510875
Егор Крид,202632,,,,Если ты меня не любишь (при уч. MOLLY),,2021-07-09T21:49:57Z,2543,154393
Егор Крид,109767,,,,18+,,2021-07-09T22:54:24Z,5671,404104
Егор Крид,110681,,,,В неожиданном ракурсе,,2021-07-09T22:57:51Z,567,50824
Егор Крид,106527,,,,58,,2021-03-27T21:30:18Z,1775,126050
Егор Крид,132023,,,,Мне всё Монро (при уч. HammAli & Navai),,2021-03-27T21:29:59Z,3028,207534
Егор Крид,125701,,,,Хуракан,,2021-03-27T21:28:09Z,3805,304256
Егор Крид,142028,,,,Барби (при уч. DAVA),,2021-03-27T21:24:28Z,739,68919
Егор Крид,139572,,,,Девочка с картинки,,2021-03-27T21:23:58Z,13672,954911
Егор Крид,177241,,,,Mr. & Mrs. Smith (при уч. Нюша),,2021-03-27T21:23:37Z,8575,585508
Егор Крид,180036,,,,Весёлая песня (при уч. MORGENSHTERN),,2021-03-27T21:22:57Z,5413,386941
Егор Крид,230661,,,,Самая самая,,2021-07-09T21:17:19Z,22746,1320691
Егор Крид,230583,,,,Закрой глаза,,2021-07-09T21:16:48Z,429,33020
Егор Крид,199602,,,,Запомни и запиши,,2021-07-09T21:16:23Z,241,19767
Егор Крид,202580,,,,Надо ли,,2021-07-09T21:15:28Z,14699,926621
Егор Крид,198113,,,,Ревность,,2021-07-09T21:14:46Z,340,27182
Егор Крид,178782,,,,Не мы,,2021-07-09T21:14:28Z,501,34561
Егор Крид,218384,,,,"Только ты, только я",,2021-07-09T21:13:16Z,417,30019
Егор Крид,160784,,,,Ей наплевать,,2021-07-09T21:12:12Z,121,12864
Егор Крид,206263,,,,Невеста,,2021-07-09T21:11:20Z,11555,671085
Егор Крид,200777,,,,Не вынести,,2021-07-09T21:10:54Z,345,25080
Егор Крид,166922,,,,Тишина,,2021-07-09T21:09:30Z,942,53820
Егор Крид,187585,,,,Мы просто любили так,,2021-07-09T21:09:02Z,303,22590
Егор Крид,192078,,,,Берегу,,2021-07-09T21:08:40Z,9334,578245
Егор Крид,160601,,,,Папина дочка,,2021-07-09T21:08:18Z,3657,233920
Егор Крид,167419,,,,Холостяк,,2021-07-09T21:07:59Z,2683,186008
Егор Крид,201326,,,,Я останусь (при уч. Arina Kuzmina),,2021-07-09T21:33:25Z,155,15659
Егор Крид,184424,,,,Вдаль,,2021-07-09T21:31:43Z,70,8690
Егор Крид,238080,,,,You're my galaxy,,2021-07-09T21:31:13Z,84,8675
Егор Крид,195500,,,,Важно,,2021-07-09T21:30:33Z,81,7497
Егор Крид,174106,,,,Голос,,2021-03-27T21:37:18Z,24607,1674881
Егор Крид,196833,,,,Мне нравится,,2021-07-09T21:44:36Z,5079,302965
Егор Крид,146651,,,,(Не)идеальна,,2021-04-22T21:50:06Z,6996,481002
Егор Крид,122854,,,,Coco L'Eau (при уч. The Limba),,2021-03-27T21:36:35Z,1729,121926
Тимати vs Егор Крид,170109,Hip-hop & Rap,,,Звездопад,,2020-10-16T10:51:30Z,10079,950746
Егор Крид,216660,,,,В книге всё было по-другому (4 раунд 17ib),,2021-07-09T22:28:54Z,587,40367
Егор Крид,172330,,,,Пропорция Уязвимости (6 Раунд 17ib),,2020-08-30T14:49:16Z,608,73846
Егор Крид,83879,,,,Ветер перемен (2 раунд 17ib),,2021-07-09T22:25:56Z,430,34926
Егор Крид,155951,,,,"Rolls Royce (Джиган, Тимати & Егор Крид)",,2021-07-09T22:46:44Z,440,27248
Егор Крид,322220,,,,"На чиле (Джиган, The Limba, blago white, OG Buda, Тимати, SODA LUV, Гуф & Егор Крид)",,2021-07-29T16:45:10Z,980,67719
Егор Крид,221127,,,,Гучи (при уч. Тимати),,2021-07-09T22:11:51Z,11215,781620
Егор Крид,177842,,,,Скоро весна (при уч. Николай Булаткин),,2021-08-27T08:38:58Z,799,64700
Егор Крид,182805,,,,Masked Wolf — Astronaut In The Ocean (Egor Kreed Remix),,2021-05-27T09:41:21Z,747,49155
Егор Крид,174158,,,,Сердцеедка,,2021-03-27T21:14:12Z,5584,377143
Егор Крид,191634,,,,Миллион алых роз,,2021-07-09T22:07:00Z,9871,631197
Егор Крид,155272,,,,Love is,,2021-03-27T21:21:22Z,4740,339909
Егор Крид,129463,Hip-hop & Rap,,ЕгорКрид,Дело Нескольких Минут (3 Раунд 17ib),,2020-08-30T14:43:42Z,71,6845
Егор Крид,104438,,,,Ты не смогла простить,,2021-03-27T21:36:50Z,5095,354212
Егор Крид,151092,,,,Карие глаза (при уч. Loc-Dog),,2021-07-09T22:56:43Z,1148,83937
Егор Крид,176562,,,,Голубые глаза,,2021-03-27T21:21:58Z,4956,335194
Егор Крид,49371,,,,В долгий путь (1 раунд 17ib),,2021-07-09T22:24:45Z,261,22973
Егор Крид,196650,,,,Время не пришло,,2021-07-09T22:20:19Z,3465,244306
Егор Крид,450795,,,,"Ракета (Тимати, Мот, Скруджи, HAZИМА, TERNOVOY & Егор Крид)",,2021-07-09T22:42:30Z,2060,153141
Егор Крид,212611,,,,Слеза,,2021-07-09T22:05:52Z,6023,378443
Егор Крид,189022,,,,Цвет настроения чёрный (при уч. Филипп Киркоров),,2021-07-09T22:13:41Z,619,40904
Егор Крид,195265,,,,Семья сказала,,2021-07-09T22:06:20Z,959,81569
Егор Крид,192627,,,,Будильник,,2021-07-09T21:42:26Z,17500,1019748
Егор Крид,336562,,,,"Над облаками (feat. Тимати, Мот, Скруджи, HAZИМА, Pabl.A & Егор Крид)",,2021-07-09T22:45:08Z,142,13905
Егор Крид,200490,,,,Часики (при уч. Валерия),,2021-07-09T22:13:02Z,2451,164077
Егор Крид,124839,,,,Крутой,,2021-07-09T22:20:04Z,394,30778
Егор Крид,176823,,,,Грехи (при уч. Клава Кока),,2021-03-27T21:14:09Z,1606,113407
Егор Крид,193463,,,,Старлетка,,2021-07-09T20:58:15Z,516,38008
Егор Крид,138945,,,,Самый худший трек (при уч. Джарахов и Buster),,2021-09-24T05:22:10Z,2023,180040
Егор Крид,186593,,,,Мало так мало,,2021-07-09T21:46:18Z,3146,187537
Егор Крид,201770,,,,"Команда 2018 (DJ Smash, Полина Гагарина & Егор Крид)",,2021-07-09T22:05:14Z,226,13758
Егор Крид,245577,,,,Заведи мой пульс,,2021-07-09T20:59:50Z,155,8111
Егор Крид,192679,,,,Это моё,,2021-07-09T22:05:37Z,297,22649
Егор Крид,179383,,,,Скромным быть не в моде (ХАННА & Егор Крид),,2021-07-09T22:40:00Z,236,19883
SODA LUV,146834,,,,"Сайфер ft. OG Buda, Егор Крид & MAYOT",,2021-05-01T13:26:50Z,4555,353845
Егор Крид,187925,,,,Пазл,,2021-07-09T21:01:44Z,385,23208
Егор Крид,179148,,,,Будущий Бывший (при уч. TERNOVOY),,2021-07-09T22:08:25Z,798,62583
Егор Крид,168202,,,,"Холостяк (ЛСП, FEDUK & Егор Крид)",,2021-07-09T22:17:59Z,26932,2037631
Егор Крид,138449,,,,LAMBO URUS,,2021-10-14T18:59:20Z,28891,2247498
Егор Крид,50051,,,,LAMBO URUS (Bonus),,2021-10-15T16:08:11Z,1122,119319
Егор Крид,107860,,,,ГТА,,2021-11-05T03:41:11Z,1015,84981
Егор Крид,117734,,,,COSMOBOY (PUBG MOBILE Theme Song),,2021-11-24T21:19:02Z,1501,126287
Егор Крид,77244,,,,АКВАДИСКОТЕКА (only Egor Kreed),,2021-12-13T23:14:48Z,731,68737
Егор Крид,183562,,,,Отпускаю (при уч. МакSим),,2022-02-11T01:48:02Z,11657,787215
